listPrice,rent,livingArea,rooms,published,constructionYear,objectType,soldDate,soldPrice,soldPriceSource,floor,additionalArea,apartmentNumber,location.address.streetAddress,location.position.latitude,location.position.longitude,location.position.isApproximate,location.region.municipalityName,location.region.countyName,location.distance.ocean,source.url,price_per_sqm
1595000,1464.0,24.0,1.0,2016-01-07 14:51:06,1935.0,Lägenhet,2016-01-21,2500000,bid,3.0,,1305.0,Ekhagsvägen 8,59.37178,18.05527,,Stockholm,Stockholms län,161,http://www.notar.se/,104166.66666666667
1890000,1464.0,24.0,1.0,2016-06-11 08:55:51,1935.0,Lägenhet,2016-06-21,2450000,bid,3.0,,1305.0,Ekhagsvägen 8,59.37178,18.05527,,Stockholm,Stockholms län,161,http://www.husmanhagberg.se/,102083.33333333333
1795000,1374.0,23.0,1.0,2016-04-15 19:10:49,1935.0,Lägenhet,2016-04-28,2300000,bid,1.0,,1105.0,Ekhagsvägen 10,59.3719665,18.0554221,True,Stockholm,Stockholms län,135,http://www.notar.se/,100000.0
1750000,1144.0,25.0,1.0,2017-05-18 16:20:57,1936.0,Lägenhet,2017-06-01,2210000,bid,0.0,0.0,,Torphagsvägen 4,59.37148,18.05388,,Stockholm,Stockholms län,218,http://www.husmanhagberg.se/,88400.0
1895000,1522.0,26.9,1.0,2016-04-01 22:56:37,1968.0,Lägenhet,2016-04-19,2300000,bid,2.0,,1203.0,Docentbacken 1B,59.3705635,18.0585287,True,Stockholm,Stockholms län,298,http://www.notar.se/,85501.85873605948
2150000,2164.0,32.0,2.0,2015-08-11 13:09:47,1939.0,Lägenhet,2015-08-26,2730000,bid,2.0,,,Ekhagsvägen 10,59.3719665,18.0554221,True,Stockholm,Stockholms län,135,http://www.svenskfast.se/,85312.5
2295000,1743.0,29.0,1.0,2018-05-05 04:43:36,1935.0,Lägenhet,2018-05-19,2420000,bid,,,,Ekhagsvägen 9,59.3720466,18.0549855,True,Stockholm,Stockholms län,136,http://www.maklarhuset.se/,83448.27586206897
2495000,2394.0,38.0,2.0,2016-04-22 09:13:43,1935.0,Lägenhet,2016-05-17,3150000,bid,3.0,,,Torphagsvägen 16,59.3720529,18.054052,True,Stockholm,Stockholms län,164,http://www.notar.se/,82894.73684210527
1995000,1696.0,29.0,1.0,2018-06-15 17:16:19,1936.0,Lägenhet,2018-06-18,2400000,maklare,3.0,,,Torphagsvägen 14,59.3721605,18.0535415,True,Stockholm,Stockholms län,166,http://www.maklarhuset.se/,82758.62068965517
1995000,1880.0,31.0,2.0,2017-11-18 16:56:07,1936.0,Lägenhet,2017-12-05,2450000,bid,0.0,0.0,,Åminnevägen 17,59.37119438,18.05355191,,Stockholm,Stockholms län,255,http://www.notar.se/,79032.25806451614
5995000,4990.0,97.0,4.0,2017-06-25 13:40:05,1935.0,Lägenhet,2017-07-08,7500000,bid,3.0,0.0,,Ekhagsvägen 9,59.3720466,18.0549855,True,Stockholm,Stockholms län,136,http://www.notar.se/,77319.58762886598
5100000,3839.0,81.0,3.0,2018-09-11 13:44:43,1936.0,Lägenhet,2018-09-27,6110000,bid,3.0,0.0,1301.0,Ekhagsvägen 5,59.37161719,18.05471583,,Stockholm,Stockholms län,186,http://historiskahem.se/,75432.09876543209
5495000,4483.0,107.0,4.0,2018-08-25 02:56:56,1936.0,Lägenhet,2018-09-06,8050000,bid,3.0,0.0,,Torphagsvägen 4,59.37148,18.05388,,Stockholm,Stockholms län,218,http://www.notar.se/,75233.64485981308
1950000,1865.0,31.0,2.0,2015-06-18 11:26:53,,Lägenhet,2015-07-02,2300000,bid,1.0,,1103.0,Åminnevägen 17,59.37119438,18.05355191,,Stockholm,Stockholms län,255,http://www.notar.se/,74193.54838709677
3975000,2452.0,57.0,2.0,2017-05-03 17:17:48,1935.0,Lägenhet,2017-05-22,4210000,bid,1.0,0.0,1002.0,Ekhagsvägen 11,59.3725786,18.0550844,True,Stockholm,Stockholms län,68,http://www.karlssonuddare.se/,73859.64912280702
3995000,4089.0,73.5,3.0,2015-12-29 14:37:41,1935.0,Lägenhet,2016-01-25,5400000,bid,-1.0,,903.0,Torphagsvägen 16,59.3720529,18.054052,True,Stockholm,Stockholms län,164,http://www.notar.se/,73469.38775510204
2595000,2232.0,37.0,1.0,2017-07-28 13:02:18,1939.0,Lägenhet,2017-09-01,2715000,bid,1.0,,,Ekhagsvägen 8,59.37178,18.05527,,Stockholm,Stockholms län,161,http://www.svenskfast.se/,73378.37837837837
2500000,1400.0,35.0,1.0,2017-09-08 15:22:24,1936.0,Lägenhet,2017-10-06,2560000,bid,0.0,0.0,1003.0,Torphagsvägen 4,59.37148,18.05388,,Stockholm,Stockholms län,218,http://www.husmanhagberg.se/,73142.85714285714
1995000,1885.0,36.0,1.0,2015-08-14 14:04:38,1968.0,Lägenhet,2015-09-07,2610000,bid,3.0,,1302.0,Docentbacken 5,59.3710473,18.0583678,True,Stockholm,Stockholms län,246,http://www.notar.se/,72500.0
2250000,2488.0,39.0,2.0,2017-04-14 15:24:32,1937.0,Lägenhet,2017-04-28,2810000,bid,1.0,,1102.0,Ekhagsvägen 4,59.3713881,18.0550922,True,Stockholm,Stockholms län,186,http://www.skandiamaklarna.se/,72051.28205128205
2250000,2134.0,35.0,2.0,2017-02-13 00:20:36,1935.0,Lägenhet,2017-03-06,2520000,bid,,,1001.0,Torphagsvägen 6,59.3716443,18.0532349,True,Stockholm,Stockholms län,225,http://www.notar.se/,72000.0
3495000,3052.0,47.0,2.0,2016-07-31 06:06:54,,Lägenhet,2016-08-15,3375000,bid,2.0,,,Torphagsvägen 12,59.3722528,18.0531737,True,Stockholm,Stockholms län,171,http://www.notar.se/,71808.51063829787
7495000,5923.0,125.0,4.0,2018-06-09 10:51:27,1936.0,Lägenhet,2018-06-21,8950000,bid,4.0,0.0,,Torphagsvägen 4,59.37148,18.05388,,Stockholm,Stockholms län,218,http://www.notar.se/,71600.0
2350000,2232.0,37.0,2.0,2017-09-15 20:52:01,1935.0,Lägenhet,2017-10-06,2610000,bid,2.0,0.0,,Ekhagsvägen 8,59.37178,18.05527,,Stockholm,Stockholms län,161,http://www.notar.se/,70540.54054054055
3495000,2270.0,56.0,2.0,2017-09-15 12:22:35,1935.0,Lägenhet,2017-09-28,3950000,bid,1.0,,1102.0,Torphagsvägen 4,59.37148,18.05388,,Stockholm,Stockholms län,218,http://www.visionfastighetsmakleri.se/,70535.71428571429
3295000,1919.0,48.0,2.0,2017-04-21 19:46:26,1935.0,Lägenhet,2017-05-12,3375000,bid,2.0,0.0,1104.0,Ekhagsvägen 11,59.3725786,18.0550844,True,Stockholm,Stockholms län,68,http://www.notar.se/,70312.5
2250000,2152.0,37.0,1.5,2016-01-09 01:17:15,1935.0,Lägenhet,2016-02-18,2600000,bid,,,,Ekhagsvägen 8,59.37178,18.05527,,Stockholm,Stockholms län,161,http://www.notar.se/,70270.27027027027
1595000,1681.0,29.0,1.0,2014-08-09 01:06:52,1935.0,Lägenhet,2014-08-26,2025000,bid,5.0,,4614.0,Torphagsvägen 14,59.3721605,18.0535415,True,Stockholm,Stockholms län,166,http://www.notar.se/,69827.58620689655
5750000,5735.0,105.0,4.0,2015-05-26 23:00:41,1935.0,Lägenhet,2015-06-14,7300000,bid,3.0,,,Ekhagsvägen 12,59.3722721,18.0556589,True,Stockholm,Stockholms län,101,http://www.svenskfast.se/,69523.80952380953
2495000,2897.0,47.0,2.0,2018-05-11 22:35:39,1935.0,Lägenhet,2018-05-18,3260000,bid,1.0,,,Ekhagsvägen 12,59.3722721,18.0556589,True,Stockholm,Stockholms län,101,http://www.erasweden.com/,69361.70212765958
2250000,2471.0,38.0,1.0,2016-01-15 23:03:21,,Lägenhet,2016-02-18,2635000,bid,1.0,,1101.0,Åminnevägen 19,59.37103271,18.0540565,,Stockholm,Stockholms län,260,http://www.notar.se/,69342.1052631579
7200000,4472.0,104.0,3.5,2017-08-07 15:31:58,1969.0,Lägenhet,2017-08-14,7200000,bid,6.0,,,Docentbacken 9,59.37124248,18.05782092,,Stockholm,Stockholms län,218,http://www.maklar-centrum.se/,69230.76923076923
2775000,2733.0,56.0,2.0,2016-04-09 08:34:13,1935.0,Lägenhet,2016-05-12,3850000,bid,1.0,,1102.0,Torphagsvägen 4,59.37148,18.05388,,Stockholm,Stockholms län,218,http://www.visionfastighetsmakleri.se/,68750.0
2950000,2584.0,46.0,2.0,2015-11-07 00:44:01,1935.0,Lägenhet,2015-11-28,3160000,bid,2.0,,1204.0,Torphagsvägen 14,59.3721605,18.0535415,True,Stockholm,Stockholms län,166,http://www.bjurfors.se/,68695.65217391304
5495000,5192.0,95.0,4.0,2017-02-11 20:44:38,1936.0,Lägenhet,2017-03-02,6500000,bid,,,,Torphagsvägen 14,59.3721605,18.0535415,True,Stockholm,Stockholms län,166,http://www.notar.se/,68421.05263157895
2495000,2413.0,37.0,1.0,2016-08-05 14:15:19,1935.0,Lägenhet,2016-08-26,2525000,bid,1.0,,1103.0,Åminnevägen 19,59.37103271,18.0540565,,Stockholm,Stockholms län,260,http://www.erasweden.com/,68243.24324324324
6995000,6088.0,114.0,5.0,2017-05-05 15:59:12,1936.0,Lägenhet,2017-05-11,7700000,bid,3.0,,,Torphagsvägen 14,59.3721605,18.0535415,True,Stockholm,Stockholms län,166,http://www.notar.se/,67543.85964912281
1995000,1773.0,36.0,1.0,2015-02-27 18:56:04,1968.0,Lägenhet,2015-03-18,2410000,bid,2.0,,1202.0,Docentbacken 3,59.3709502,18.0586253,True,Stockholm,Stockholms län,264,http://www.notar.se/,66944.44444444444
2695000,2595.0,39.0,2.0,2018-04-17 23:06:04,1936.0,Lägenhet,2018-05-01,2610000,bid,3.0,,,Torphagsvägen 16,59.3720529,18.054052,True,Stockholm,Stockholms län,164,http://www.svenskfast.se/,66923.07692307692
2995000,2798.0,48.0,2.0,2015-12-29 14:41:44,1935.0,Lägenhet,2016-02-01,3205000,bid,,,4806.0,Torphagsvägen 16,59.3720529,18.054052,True,Stockholm,Stockholms län,164,http://www.notar.se/,66770.83333333333
2575000,2596.0,39.0,1.5,2017-10-13 18:02:02,1934.0,Lägenhet,2017-10-29,2600000,bid,3.0,0.0,,Ekhagsvägen 4,59.3713881,18.0550922,True,Stockholm,Stockholms län,186,http://www.erikolsson.se/,66666.66666666667
1495000,1732.0,28.0,1.0,2014-04-03 21:17:28,1935.0,Lägenhet,2014-04-16,1860000,bid,,,,Torphagsvägen 16,59.3720529,18.054052,True,Stockholm,Stockholms län,164,http://www.fastighetsbyran.se/,66428.57142857143
1995000,2533.0,39.0,1.5,2015-11-29 18:30:43,1934.0,Lägenhet,2015-12-16,2590000,bid,3.0,,1302.0,Ekhagsvägen 4,59.3713881,18.0550922,True,Stockholm,Stockholms län,186,http://www.erikolsson.se/,66410.2564102564
1995000,2455.0,37.0,2.0,2014-10-16 17:40:14,1935.0,Lägenhet,2014-10-30,2450000,bid,2.0,,,Ekhagsvägen 8,59.37178,18.05527,,Stockholm,Stockholms län,161,http://www.notar.se/,66216.21621621621
2995000,2979.0,50.0,2.5,2018-01-26 18:30:21,1935.0,Lägenhet,2018-02-09,3310000,bid,1.0,,,Torphagsvägen 6,59.3716443,18.0532349,True,Stockholm,Stockholms län,225,http://www.fastighetsbyran.se/,66200.0
2750000,2554.0,46.5,2.0,2017-07-13 11:58:16,,Lägenhet,2017-08-25,3060000,bid,0.0,0.0,,Torphagsvägen 14,59.3721605,18.0535415,True,Stockholm,Stockholms län,166,http://www.notar.se/,65806.45161290323
1995000,1773.0,36.0,1.0,2018-10-05 14:29:28,1968.0,Lägenhet,2018-10-19,2355000,maklare,1.0,0.0,1103.0,Docentbacken 9,59.37124248,18.05782092,,Stockholm,Stockholms län,218,http://www.notar.se/,65416.666666666664
1300000,1294.0,20.0,1.0,2013-01-18 05:56:37,1939.0,Lägenhet,2013-02-09,1300000,bid,,,,Ekhagsvägen 10,59.3719665,18.0554221,True,Stockholm,Stockholms län,135,http://www.fastighetsbyran.se/,65000.0
2500000,2979.0,50.0,2.5,2015-03-20 17:38:11,1935.0,Lägenhet,2015-04-07,3230000,bid,2.0,,1203.0,Torphagsvägen 6,59.3716443,18.0532349,True,Stockholm,Stockholms län,225,http://www.notar.se/,64600.0
5095000,4829.0,85.0,4.0,2017-08-30 13:37:32,1935.0,Lägenhet,2017-09-12,5450000,bid,1.0,,,Torphagsvägen 16,59.3720529,18.054052,True,Stockholm,Stockholms län,164,http://www.svenskfast.se/,64117.64705882353
5400000,5636.0,96.0,4.0,2015-02-11 13:46:55,1936.0,Lägenhet,2015-03-02,6150000,bid,3.0,,,Åminnevägen 17,59.37119438,18.05355191,,Stockholm,Stockholms län,255,http://www.erikolsson.se/,64062.5
3295000,,52.0,2.0,2015-04-18 04:21:29,1935.0,Lägenhet,2015-05-01,3295000,bid,2.0,,1202.0,Torphagsvägen 24,59.3732708,18.0532176,True,Stockholm,Stockholms län,79,http://www.notar.se/,63365.38461538462
3500000,2307.0,57.0,3.0,2015-07-31 13:05:57,1935.0,Lägenhet,2015-08-14,3600000,bid,1.0,,1003.0,Ekhagsvägen 11,59.3725786,18.0550844,True,Stockholm,Stockholms län,68,http://www.notar.se/,63157.89473684211
2950000,2663.0,54.0,2.0,2015-08-21 18:16:39,1935.0,Lägenhet,2015-09-14,3410000,bid,3.0,,1303.0,Torphagsvägen 10,59.3723882,18.0524828,True,Stockholm,Stockholms län,181,http://www.notar.se/,63148.148148148146
1450000,1072.0,23.0,1.0,2012-09-14 05:10:08,1936.0,Lägenhet,2012-10-22,1450000,bid,1.0,,,Åminnevägen 17,59.37119438,18.05355191,,Stockholm,Stockholms län,255,http://www.notar.se/,63043.47826086957
2995000,2798.0,48.0,2.0,2015-11-05 22:42:36,1935.0,Lägenhet,2015-11-30,3025000,bid,,,4805.0,Torphagsvägen 16,59.3720529,18.054052,True,Stockholm,Stockholms län,164,http://www.notar.se/,63020.833333333336
3800000,2785.0,60.3,2.0,2016-12-30 17:32:22,,Lägenhet,2017-01-19,3800000,bid,1.0,,,Docentbacken 1B,59.3705635,18.0585287,True,Stockholm,Stockholms län,298,http://www.fastighetsbyran.se/,63018.24212271974
4300000,3183.0,70.0,3.0,2017-05-08 21:17:48,1969.0,Lägenhet,2017-05-24,4375000,bid,3.0,,,Docentbacken 1A,59.3705294,18.058738,True,Stockholm,Stockholms län,308,http://www.fastighetsbyran.se/,62500.0
2495000,2712.0,44.0,2.0,2018-02-02 14:09:15,1935.0,Lägenhet,2018-02-15,2750000,bid,0.0,0.0,904.0,Ekhagsvägen 12,59.3722721,18.0556589,True,Stockholm,Stockholms län,101,http://www.notar.se/,62500.0
6000000,4201.0,96.7,,2015-10-29 00:13:37,,Lägenhet,2015-10-29,6000000,bid,,,,Docentbacken 3,59.3709502,18.0586253,True,Stockholm,Stockholms län,264,http://www.erikolsson.se/,62047.569803516024
6650000,4990.0,97.0,4.0,2018-01-13 09:41:44,1935.0,Lägenhet,2018-02-15,6000000,bid,3.0,0.0,,Ekhagsvägen 9,59.3720466,18.0549855,True,Stockholm,Stockholms län,136,http://www.notar.se/,61855.67010309279
3295000,2663.0,54.0,2.0,2017-04-27 17:16:27,1935.0,Lägenhet,2017-05-14,3340000,bid,1.0,,,Torphagsvägen 10,59.3723882,18.0524828,True,Stockholm,Stockholms län,181,http://www.notar.se/,61851.851851851854
8500000,5848.0,152.0,5.0,2016-02-05 03:26:36,,Lägenhet,2016-02-23,9250000,bid,1.0,3.0,1102.0,Torphagsvägen 22,59.3731519,18.0536815,True,Stockholm,Stockholms län,67,http://www.notar.se/,60855.26315789474
1495000,1654.0,31.0,1.5,2013-08-23 18:39:31,1935.0,Lägenhet,2013-09-04,1885000,bid,2.0,,,Ekhagsvägen 12,59.3722721,18.0556589,True,Stockholm,Stockholms län,101,http://www.notar.se/,60806.45161290323
3650000,2835.0,60.9,2.0,2017-11-17 17:50:10,1968.0,Lägenhet,2018-01-09,3650000,bid,6.0,,1602.0,Docentbacken 11,59.37142064,18.05760116,,Stockholm,Stockholms län,196,http://www.fastighetsbyran.se/,59934.31855500821
3600000,3216.0,65.0,2.5,2017-03-10 20:18:35,1935.0,Lägenhet,2017-03-23,3880000,bid,2.0,,1203.0,Ekhagsvägen 5,59.37161719,18.05471583,,Stockholm,Stockholms län,186,http://www.notar.se/,59692.307692307695
4390000,3806.0,76.0,3.0,2017-07-19 10:24:25,1935.0,Lägenhet,2017-09-06,4500000,bid,0.0,0.0,,Ekhagsvägen 8,59.37178,18.05527,,Stockholm,Stockholms län,161,http://www.notar.se/,59210.52631578947
3500000,2785.0,60.3,2.0,2016-01-29 17:55:27,1968.0,Lägenhet,2016-02-23,3550000,bid,,,,Docentbacken 1B,59.3705635,18.0585287,True,Stockholm,Stockholms län,298,http://www.notar.se/,58872.30514096186
4950000,4160.0,97.0,3.0,2016-02-17 03:27:16,,Lägenhet,2016-03-02,5700000,bid,1.0,,1101.0,Docentbacken 3,59.3709502,18.0586253,True,Stockholm,Stockholms län,264,http://www.svenskfast.se/,58762.886597938144
3500000,3018.0,59.0,2.0,2017-10-08 22:00:34,1939.0,Lägenhet,2017-10-31,3450000,bid,2.0,0.0,,Ekhagsvägen 4,59.3713881,18.0550922,True,Stockholm,Stockholms län,186,http://www.notar.se/,58474.57627118644
4500000,3948.0,80.0,3.0,2017-05-03 00:36:35,1939.0,Lägenhet,2017-05-18,4650000,bid,2.0,,,Ekhagsvägen 8,59.37178,18.05527,,Stockholm,Stockholms län,161,http://www.karlssonuddare.se/,58125.0
5400000,3834.0,93.4,4.0,2017-10-27 18:41:18,1968.0,Lägenhet,2017-11-11,5400000,bid,1.0,0.0,,Docentbacken 13,59.3715256,18.0573378,True,Stockholm,Stockholms län,354,http://www.karlssonuddare.se/,57815.84582441113
1995000,2232.0,37.0,2.0,2014-05-17 17:24:01,1935.0,Lägenhet,2014-06-03,2125000,bid,2.0,,,Ekhagsvägen 8,59.37178,18.05527,,Stockholm,Stockholms län,161,http://www.notar.se/,57432.43243243243
2900000,2663.0,54.0,2.0,2015-12-18 16:21:31,1935.0,Lägenhet,2016-01-11,3100000,bid,1.0,,,Torphagsvägen 10,59.3723882,18.0524828,True,Stockholm,Stockholms län,181,http://www.notar.se/,57407.40740740741
4060000,4191.0,71.0,2.5,2017-12-01 15:24:46,1935.0,Lägenhet,2017-12-20,4060000,bid,2.0,0.0,1204.0,Ekhagsvägen 12,59.3722721,18.0556589,True,Stockholm,Stockholms län,101,http://www.notar.se/,57183.09859154929
4975000,5573.0,102.0,4.0,2015-05-22 19:24:01,1931.0,Lägenhet,2015-06-11,5800000,bid,1.0,,1103.0,Ekhagsvägen 3,59.3715168,18.05462518,,Stockholm,Stockholms län,198,http://www.erikolsson.se/,56862.74509803922
1495000,1388.0,26.0,1.0,2012-10-20 07:36:37,1935.0,Lägenhet,2012-11-30,1475000,bid,,,,Ekhagsvägen 12,59.3722721,18.0556589,True,Stockholm,Stockholms län,101,http://www.notar.se/,56730.769230769234
5695000,4781.0,112.0,5.0,2016-01-08 19:10:04,1969.0,Lägenhet,2016-01-22,6350000,bid,6.0,,1601.0,Docentbacken 9,59.37124248,18.05782092,,Stockholm,Stockholms län,218,http://www.fastighetsbyran.se/,56696.42857142857
3500000,2785.0,60.0,2.0,2015-09-30 18:02:35,,Lägenhet,2016-01-14,3400000,bid,1.0,,,Docentbacken 1B,59.3705635,18.0585287,True,Stockholm,Stockholms län,298,http://www.svenskfast.se/,56666.666666666664
2900000,2712.0,55.0,2.0,2015-11-06 12:54:08,1935.0,Lägenhet,2016-01-11,3100000,bid,1.0,,,Torphagsvägen 10,59.3723882,18.0524828,True,Stockholm,Stockholms län,181,http://www.notar.se/,56363.63636363636
5495000,6465.0,96.0,3.0,2018-05-19 12:47:47,1936.0,Lägenhet,2018-06-04,5400000,bid,2.0,,1205.0,Åminnevägen 17,59.37119438,18.05355191,,Stockholm,Stockholms län,255,https://nestorfastighetsmakleri.se/,56250.0
5295000,4251.0,98.0,4.0,2016-03-24 22:06:47,1968.0,Lägenhet,2016-04-12,5500000,bid,4.0,,1403.0,Docentbacken 7,59.3711498,18.0581425,True,Stockholm,Stockholms län,229,http://www.notar.se/,56122.448979591834
4995000,5263.0,95.0,4.0,2015-09-25 22:21:23,1936.0,Lägenhet,2015-10-15,5325000,bid,1.0,,1105.0,Åminnevägen 17,59.37119438,18.05355191,,Stockholm,Stockholms län,255,http://www.erikolsson.se/,56052.63157894737
4295000,3595.0,81.0,3.5,2016-01-05 09:27:24,1968.0,Lägenhet,2016-01-25,4530000,bid,3.0,,1304.0,Docentbacken 3,59.3709502,18.0586253,True,Stockholm,Stockholms län,264,http://www.svenskfast.se/,55925.92592592593
1850000,1860.0,36.0,1.5,2015-01-02 14:30:40,1935.0,Lägenhet,2015-01-06,2000000,bid,,,,Torphagsvägen 8,59.3718275,18.0525542,True,Stockholm,Stockholms län,225,http://www.fastighetsbyran.se/,55555.555555555555
2795000,2712.0,55.0,2.0,2015-09-16 17:15:32,1935.0,Lägenhet,2015-11-03,3050000,bid,2.0,,1303.0,Torphagsvägen 10,59.3723882,18.0524828,True,Stockholm,Stockholms län,181,http://www.notar.se/,55454.545454545456
2495000,2554.0,46.5,2.0,2014-09-12 16:39:43,1935.0,Lägenhet,2014-10-02,2575000,bid,1.0,,4602.0,Torphagsvägen 14,59.3721605,18.0535415,True,Stockholm,Stockholms län,166,http://www.notar.se/,55376.344086021505
2650000,2542.0,54.0,2.0,2015-03-05 18:16:29,1935.0,Lägenhet,2015-03-18,2975000,bid,,6.0,1001.0,Torphagsvägen 8,59.3718275,18.0525542,True,Stockholm,Stockholms län,225,http://www.fastighetsbyran.se/,55092.59259259259
3100000,2835.0,61.0,2.0,2015-07-28 22:58:14,1969.0,Lägenhet,2015-08-20,3355000,bid,6.0,,1602.0,Docentbacken 11,59.37142064,18.05760116,,Stockholm,Stockholms län,196,https://www.lansfast.se/,55000.0
2850000,3096.0,52.0,2.0,2017-04-12 18:40:30,1935.0,Lägenhet,2017-06-12,2850000,bid,1.0,0.0,1104.0,Torphagsvägen 6,59.3716443,18.0532349,True,Stockholm,Stockholms län,225,http://www.notar.se/,54807.692307692305
1650000,2034.0,33.0,1.0,2013-03-09 02:02:31,1937.0,Lägenhet,2013-03-26,1800000,bid,,,,Ekhagsvägen 10,59.3719665,18.0554221,True,Stockholm,Stockholms län,135,http://www.notar.se/,54545.454545454544
6995000,5967.0,121.0,4.0,2017-01-27 23:41:33,1935.0,Lägenhet,2017-02-15,6600000,bid,3.0,,1301.0,Torphagsvägen 10,59.3723882,18.0524828,True,Stockholm,Stockholms län,181,http://www.notar.se/,54545.454545454544
2750000,3640.0,56.0,2.0,2015-01-16 16:54:44,1935.0,Lägenhet,2015-01-31,3050000,bid,2.0,,,Ekhagsvägen 5,59.37161719,18.05471583,,Stockholm,Stockholms län,186,http://www.notar.se/,54464.28571428572
3750000,3421.0,69.0,2.0,2016-09-02 17:37:26,,Lägenhet,2016-09-19,3750000,bid,1.0,,1103.0,Ekhagsvägen 4,59.3713881,18.0550922,True,Stockholm,Stockholms län,186,http://www.notar.se/,54347.82608695652
3475000,2965.0,64.0,2.0,2017-09-25 14:37:54,1968.0,Lägenhet,2017-11-01,3475000,bid,6.0,0.0,,Docentbacken 3,59.3709502,18.0586253,True,Stockholm,Stockholms län,264,http://www.karlssonuddare.se/,54296.875
3495000,3976.0,65.0,3.0,2014-09-26 20:02:26,1935.0,Lägenhet,2014-10-14,3525000,bid,1.0,,4816.0,Torphagsvägen 16,59.3720529,18.054052,True,Stockholm,Stockholms län,164,http://www.notar.se/,54230.769230769234
4750000,4537.0,92.0,3.0,2018-04-27 01:21:27,1935.0,Lägenhet,2018-05-16,4900000,bid,0.0,0.0,,Torphagsvägen 10,59.3723882,18.0524828,True,Stockholm,Stockholms län,181,http://www.notar.se/,53260.86956521739
2700000,2812.0,60.3,2.0,2015-02-13 10:28:35,1968.0,Lägenhet,2015-03-04,3200000,bid,5.0,,4621.0,Docentbacken 1B,59.3705635,18.0585287,True,Stockholm,Stockholms län,298,http://www.notar.se/,53067.99336650083
3975000,3324.0,79.2,3.0,2018-06-01 20:39:17,1968.0,Lägenhet,2018-06-16,4200000,bid,1.0,,1104.0,Docentbacken 5,59.3710473,18.0583678,True,Stockholm,Stockholms län,246,http://www.svenskfast.se/,53030.30303030303
3695000,2994.0,70.0,2.0,2015-10-09 11:24:14,1968.0,Lägenhet,2015-11-06,3695000,bid,,,,Docentbacken 1A,59.3705294,18.058738,True,Stockholm,Stockholms län,308,http://www.notar.se/,52785.71428571428
2750000,3184.0,57.0,2.0,2015-02-13 01:42:49,1935.0,Lägenhet,2015-02-26,3000000,bid,2.0,,1204.0,Ekhagsvägen 6,59.3715869,18.0552028,True,Stockholm,Stockholms län,184,http://www.karlssonuddare.se/,52631.57894736842
3995000,4467.0,73.0,3.0,2018-10-15 13:33:18,1935.0,Lägenhet,2018-11-08,3820000,bid,,,,Åminnevägen 19,59.37103271,18.0540565,,Stockholm,Stockholms län,260,http://www.mohv.se/,52328.767123287675
5995000,5967.0,121.0,4.0,2015-10-20 04:01:32,1935.0,Lägenhet,2015-11-03,6280000,bid,2.0,,1301.0,Torphagsvägen 10,59.3723882,18.0524828,True,Stockholm,Stockholms län,181,http://www.notar.se/,51900.82644628099
4100000,4754.0,81.0,3.5,2014-10-09 17:42:44,1935.0,Lägenhet,2014-10-13,4200000,bid,2.0,,,Ekhagsvägen 5,59.37161719,18.05471583,,Stockholm,Stockholms län,186,http://www.karlssonuddare.se/,51851.851851851854
3250000,2789.0,64.3,2.0,2018-05-31 20:07:51,1969.0,Lägenhet,2018-06-15,3300000,bid,1.0,0.0,,Docentbacken 3,59.3709502,18.0586253,True,Stockholm,Stockholms län,264,http://www.innerspec.se/,51321.92846034215
2395000,2803.0,47.5,2.0,2014-02-07 14:38:41,1935.0,Lägenhet,2014-02-20,2430000,bid,,,4812.0,Torphagsvägen 16,59.3720529,18.054052,True,Stockholm,Stockholms län,164,https://www.svenskamaklarhuset.se/,51157.89473684211
3395000,3151.0,70.0,2.0,2016-04-15 17:33:28,1968.0,Lägenhet,2016-04-29,3575000,bid,,,,Docentbacken 1B,59.3705635,18.0585287,True,Stockholm,Stockholms län,298,http://www.notar.se/,51071.42857142857
3875000,3579.0,86.3,3.0,2014-08-28 16:51:41,1969.0,Lägenhet,2014-09-11,4405000,bid,1.0,,,Docentbacken 9,59.37124248,18.05782092,,Stockholm,Stockholms län,218,http://www.fastighetsbyran.se/,51042.87369640788
4695000,4537.0,92.0,3.0,2015-10-02 18:11:38,1935.0,Lägenhet,2015-10-20,4695000,bid,3.0,,,Torphagsvägen 10,59.3723882,18.0524828,True,Stockholm,Stockholms län,181,http://www.notar.se/,51032.608695652176
2400000,3140.0,53.0,2.0,2013-03-07 20:07:39,1935.0,Lägenhet,2013-04-04,2700000,bid,1.0,,1201.0,Torphagsvägen 20A,59.37286148,18.05426002,,Stockholm,Stockholms län,76,http://www.karlssonuddare.se/,50943.3962264151
2495000,2614.0,53.0,2.0,2015-10-02 17:21:35,1935.0,Lägenhet,2015-10-20,2700000,bid,,,1303.0,Torphagsvägen 10,59.3723882,18.0524828,True,Stockholm,Stockholms län,181,http://www.notar.se/,50943.3962264151
4590000,5192.0,95.0,4.0,2013-09-10 12:46:40,1936.0,Lägenhet,2013-09-30,4810000,bid,,,,Torphagsvägen 14,59.3721605,18.0535415,True,Stockholm,Stockholms län,166,http://www.notar.se/,50631.57894736842
2295000,2508.0,47.0,2.0,2013-02-22 22:08:08,1935.0,Lägenhet,2013-03-26,2360000,bid,,,,Ekhagsvägen 12,59.3722721,18.0556589,True,Stockholm,Stockholms län,101,http://www.notar.se/,50212.765957446805
4795000,4201.0,96.7,4.0,2014-05-01 15:07:11,1969.0,Lägenhet,2014-05-15,4850000,bid,6.0,,,Docentbacken 5,59.3710473,18.0583678,True,Stockholm,Stockholms län,246,http://www.fastighetsbyran.se/,50155.11892450879
3150000,3749.0,67.0,2.5,2015-10-23 23:13:22,1937.0,Lägenhet,2015-11-23,3350000,bid,2.0,,,Åminnevägen 15,59.3713101,18.0528835,True,Stockholm,Stockholms län,254,http://www.erikolsson.se/,50000.0
5995000,5967.0,121.0,4.0,2015-09-05 17:08:14,1935.0,Lägenhet,2015-10-05,6000000,bid,3.0,,1301.0,Torphagsvägen 10,59.3723882,18.0524828,True,Stockholm,Stockholms län,181,http://www.notar.se/,49586.776859504134
6500000,6882.0,119.0,4.0,2014-08-30 13:30:53,1935.0,Lägenhet,2014-09-15,5900000,bid,,,,Torphagsvägen 6,59.3716443,18.0532349,True,Stockholm,Stockholms län,225,http://www.notar.se/,49579.83193277311
2495000,2614.0,53.0,2.0,2016-02-05 18:36:23,1935.0,Lägenhet,2016-04-18,2600000,bid,1.0,,,Torphagsvägen 10,59.3723882,18.0524828,True,Stockholm,Stockholms län,181,http://www.erikolsson.se/,49056.6037735849
3250000,2965.0,64.3,2.0,2018-05-25 20:46:58,1968.0,Lägenhet,2018-06-10,3150000,bid,0.0,0.0,,Docentbacken 3,59.3709502,18.0586253,True,Stockholm,Stockholms län,264,http://www.notar.se/,48989.1135303266
2395000,2979.0,50.0,2.0,2014-03-28 21:27:48,1935.0,Lägenhet,2014-05-20,2445000,bid,,,1203.0,Torphagsvägen 6,59.3716443,18.0532349,True,Stockholm,Stockholms län,225,http://www.notar.se/,48900.0
3500000,3619.0,76.0,3.0,2014-01-29 21:23:11,,Lägenhet,2014-01-31,3700000,bid,3.0,,,Ekhagsvägen 8,59.37178,18.05527,,Stockholm,Stockholms län,161,http://www.erikolsson.se/,48684.21052631579
1590000,1885.0,36.0,1.0,2013-07-12 21:22:29,1968.0,Lägenhet,2013-08-02,1750000,bid,4.0,,1502.0,Docentbacken 3,59.3709502,18.0586253,True,Stockholm,Stockholms län,264,http://www.notar.se/,48611.11111111111
2490000,1924.0,54.0,2.0,2013-07-27 01:11:31,1935.0,Lägenhet,2013-08-14,2615000,bid,2.0,,,Ekhagsvägen 2,59.3709948,18.0548886,True,Stockholm,Stockholms län,243,http://www.notar.se/,48425.92592592593
2295000,2803.0,47.5,2.0,2013-04-13 16:24:01,1936.0,Lägenhet,2013-04-26,2295000,bid,,,,Torphagsvägen 16,59.3720529,18.054052,True,Stockholm,Stockholms län,164,http://www.notar.se/,48315.78947368421
2695000,,59.0,2.0,2015-03-12 17:26:00,1935.0,Lägenhet,2015-03-25,2850000,bid,2.0,,,Torphagsvägen 8,59.3718275,18.0525542,True,Stockholm,Stockholms län,225,http://www.svenskfast.se/,48305.08474576271
3995000,4468.0,91.0,3.0,2014-06-19 17:39:59,1939.0,Lägenhet,2014-07-04,4350000,bid,,,,Ekhagsvägen 4,59.3713881,18.0550922,True,Stockholm,Stockholms län,186,http://www.fastighetsbyran.se/,47802.1978021978
2595000,2785.0,60.3,2.0,2015-06-05 18:01:13,1968.0,Lägenhet,2015-06-26,2880000,bid,1.0,,,Docentbacken 1B,59.3705635,18.0585287,True,Stockholm,Stockholms län,298,http://www.notar.se/,47761.19402985075
2600000,2527.0,60.0,2.0,2014-11-27 13:36:01,1969.0,Lägenhet,2014-12-05,2860000,bid,1.0,,,Docentbacken 1B,59.3705635,18.0585287,True,Stockholm,Stockholms län,298,https://www.lansfast.se/,47666.666666666664
4995000,6088.0,114.0,4.5,2014-10-17 17:24:43,1935.0,Lägenhet,2014-10-30,5425000,bid,3.0,,4618.0,Torphagsvägen 14,59.3721605,18.0535415,True,Stockholm,Stockholms län,166,http://www.jagholm.se/,47587.71929824561
3295000,3746.0,69.0,3.0,2013-05-10 11:43:51,1936.0,Lägenhet,2013-05-29,3275000,bid,,,,Torphagsvägen 14,59.3721605,18.0535415,True,Stockholm,Stockholms län,166,http://www.notar.se/,47463.76811594203
1800000,1885.0,36.0,1.5,2014-04-21 15:03:42,1969.0,Lägenhet,2014-04-22,1700000,bid,5.0,,1502.0,Docentbacken 3,59.3709502,18.0586253,True,Stockholm,Stockholms län,264,http://www.fastighetsbyran.se/,47222.22222222222
4295000,4472.0,103.8,4.0,2014-05-08 23:30:49,1969.0,Lägenhet,2014-05-21,4900000,bid,5.0,,1501.0,Docentbacken 7,59.3711498,18.0581425,True,Stockholm,Stockholms län,229,http://www.fastighetsbyran.se/,47206.16570327553
2495000,2934.0,53.0,2.0,2013-09-27 12:19:24,,Lägenhet,2014-02-10,2495000,bid,,,1202.0,Torphagsvägen 24,59.3732708,18.0532176,True,Stockholm,Stockholms län,79,http://www.notar.se/,47075.47169811321
5950000,5354.0,128.3,6.0,2014-09-19 20:56:15,1968.0,Lägenhet,2014-11-07,6025000,bid,2.0,,,Docentbacken 13,59.3715256,18.0573378,True,Stockholm,Stockholms län,354,http://www.fastighetsbyran.se/,46960.249415432576
2995000,4058.0,65.0,2.0,2014-04-18 01:55:42,1935.0,Lägenhet,2014-05-19,3050000,bid,,,,Ekhagsvägen 5,59.37161719,18.05471583,,Stockholm,Stockholms län,186,http://www.notar.se/,46923.07692307692
6450000,7962.0,138.0,6.0,2015-12-31 02:44:25,1935.0,Lägenhet,2016-01-14,6450000,bid,2.0,,1204.0,Torphagsvägen 6,59.3716443,18.0532349,True,Stockholm,Stockholms län,225,http://www.fastighetsbyran.se/,46739.13043478261
3550000,2807.0,80.0,3.0,2012-11-23 11:52:27,1935.0,Lägenhet,2012-12-07,3730000,bid,2.0,,,Ekhagsvägen 2,59.3709948,18.0548886,True,Stockholm,Stockholms län,243,http://www.notar.se/,46625.0
3995000,4799.0,81.0,3.0,2014-03-28 21:27:45,1935.0,Lägenhet,2014-05-19,3750000,bid,3.0,,,Ekhagsvägen 5,59.37161719,18.05471583,,Stockholm,Stockholms län,186,http://www.notar.se/,46296.2962962963
3250000,3810.0,70.0,3.0,2014-02-28 19:33:32,1935.0,Lägenhet,2014-03-30,3150000,bid,3.0,,,Ekhagsvägen 12,59.3722721,18.0556589,True,Stockholm,Stockholms län,101,http://www.notar.se/,45000.0
2245000,2455.0,50.0,2.0,2012-10-19 15:32:58,1935.0,Lägenhet,2012-10-27,2245000,bid,,,,Ekhagsvägen 12,59.3722721,18.0556589,True,Stockholm,Stockholms län,101,http://www.notar.se/,44900.0
3250000,4265.0,73.0,3.5,2014-02-05 03:33:31,1935.0,Lägenhet,2014-03-04,3250000,bid,,,,Åminnevägen 19,59.37103271,18.0540565,,Stockholm,Stockholms län,260,http://www.notar.se/,44520.54794520548
3250000,4130.0,73.0,3.0,2013-04-20 10:44:59,1935.0,Lägenhet,2013-05-04,3225000,bid,,,,Torphagsvägen 6,59.3716443,18.0532349,True,Stockholm,Stockholms län,225,http://www.notar.se/,44178.08219178082
2300000,2455.0,50.0,2.0,2012-09-16 02:33:35,1935.0,Lägenhet,2012-10-09,2180000,bid,,,,Ekhagsvägen 12,59.3722721,18.0556589,True,Stockholm,Stockholms län,101,http://www.notar.se/,43600.0
5795000,7268.0,131.0,5.0,2014-09-26 13:46:43,1937.0,Lägenhet,2014-11-09,5600000,bid,5.0,50.0,,Åminnevägen 15,59.3713101,18.0528835,True,Stockholm,Stockholms län,254,http://www.skandiamaklarna.se/,42748.091603053435
2595000,3087.0,61.0,2.0,2014-06-04 13:05:18,1939.0,Lägenhet,2014-06-17,2600000,bid,,,,Ekhagsvägen 6,59.3715869,18.0552028,True,Stockholm,Stockholms län,184,http://www.fastighetsbyran.se/,42622.95081967213
4995000,5540.0,107.0,3.5,2013-04-13 16:30:17,1935.0,Lägenhet,2013-05-20,4500000,bid,,,,Torphagsvägen 4,59.37148,18.05388,,Stockholm,Stockholms län,218,http://www.notar.se/,42056.07476635514
2200000,3563.0,69.0,2.0,2014-01-23 20:33:54,1939.0,Lägenhet,2014-02-05,2900000,bid,2.0,,1103.0,Ekhagsvägen 4,59.3713881,18.0550922,True,Stockholm,Stockholms län,186,http://www.fastighetsbyran.se/,42028.985507246376
3975000,4785.0,95.0,4.0,2013-03-27 18:21:43,,Lägenhet,2013-04-14,3975000,bid,1.0,,1105.0,Åminnevägen 17,59.37119438,18.05355191,,Stockholm,Stockholms län,255,http://www.brspec.se/,41842.10526315789
2600000,4020.0,65.0,2.0,2013-01-09 17:15:28,1935.0,Lägenhet,2013-03-28,2675000,bid,2.0,,,Ekhagsvägen 3,59.3715168,18.05462518,,Stockholm,Stockholms län,198,http://www.karlssonuddare.se/,41153.846153846156
3100000,3806.0,76.0,3.0,2013-08-30 16:40:42,1935.0,Lägenhet,2013-09-19,3125000,bid,,,,Ekhagsvägen 8,59.37178,18.05527,,Stockholm,Stockholms län,161,http://www.notar.se/,41118.42105263158
2700000,2965.0,64.3,2.0,2013-07-22 10:32:52,,Lägenhet,2013-08-17,2600000,bid,,,,Docentbacken 3,59.3709502,18.0586253,True,Stockholm,Stockholms län,264,http://www.svenskfast.se/,40435.45878693624
2495000,3175.0,64.0,2.0,2013-08-01 18:48:05,1935.0,Lägenhet,2013-09-03,2525000,bid,,,,Torphagsvägen 8,59.3718275,18.0525542,True,Stockholm,Stockholms län,225,http://www.notar.se/,39453.125
2495000,2748.0,56.0,3.0,2012-09-21 12:19:37,1935.0,Lägenhet,2012-10-09,2200000,bid,,,,Torphagsvägen 18,59.372759,18.0546339,True,Stockholm,Stockholms län,70,http://www.notar.se/,39285.71428571428
3300000,4529.0,91.0,4.0,2015-05-07 17:48:41,1931.0,Lägenhet,2015-05-21,3570000,bid,0.0,,,Ekhagsvägen 5,59.37161719,18.05471583,,Stockholm,Stockholms län,186,http://www.fastighetsbyran.se/,39230.769230769234
2495000,3530.0,69.0,2.0,2013-05-04 01:14:18,1937.0,Lägenhet,2013-05-19,2570000,bid,,,,Ekhagsvägen 6,59.3715869,18.0552028,True,Stockholm,Stockholms län,184,http://www.notar.se/,37246.3768115942
3495000,4251.0,98.0,3.0,2013-02-22 22:16:16,1968.0,Lägenhet,2013-03-28,3500000,bid,4.0,,,Docentbacken 5,59.3710473,18.0583678,True,Stockholm,Stockholms län,246,http://www.notar.se/,35714.28571428572
2300000,2835.0,63.0,2.0,2012-10-11 17:37:23,1969.0,Lägenhet,2013-01-18,2250000,bid,7.0,,,Docentbacken 13,59.3715256,18.0573378,True,Stockholm,Stockholms län,354,http://www.skandiamaklarna.se/,35714.28571428572
2950000,4529.0,,4.0,2015-02-06 23:18:41,1935.0,Lägenhet,2015-02-26,3135000,bid,,91.0,1002.0,Ekhagsvägen 5,59.37161719,18.05471583,,Stockholm,Stockholms län,186,http://www.karlssonuddare.se/,
